trip,lon,lat,dive,datetime
F0915_11_SS_T1,-32.35582,-3.810208875,0.1271081713757113,2015-09-30 04:00:00
F0915_11_SS_T1,-32.23092266666667,-3.7779371666666663,0.3454647208135138,2015-09-30 05:00:00
F0915_11_SS_T1,-31.98144365625,-3.686962290476189,0.40286005945942016,2015-09-30 06:00:00
F0915_11_SS_T1,-31.740107033333334,-3.614526666666666,0.9246096576240588,2015-09-30 07:00:00
F0915_11_SS_T1,-31.663319333333334,-3.563661,0.96162636603126,2015-09-30 08:00:00
F0915_11_SS_T1,-31.65718426666666,-3.5518744,0.35943577736389976,2015-09-30 09:00:00
F0915_11_SS_T1,-31.46759125,-3.549115566666667,0.9859251763631984,2015-09-30 10:00:00
F0915_11_SS_T1,-31.42970832142857,-3.5517536285714284,0.9167097915898405,2015-09-30 11:00:00
F0915_11_SS_T1,-31.39907818333333,-3.6331306666666663,0.946732498939461,2015-09-30 12:00:00
F0915_11_SS_T1,-31.416668819327725,-3.654371941176471,0.9349460435129098,2015-09-30 13:00:00
F0915_11_SS_T1,-31.319279800000004,-3.7104504,0.6210130598767526,2015-09-30 14:00:00
F0915_11_SS_T1,-31.27359166666667,-3.749400757142857,0.6826923058314743,2015-09-30 15:00:00
F0915_11_SS_T1,-31.235045033333336,-3.7530023666666663,0.9753283910656172,2015-09-30 16:00:00
F0915_11_SS_T1,-31.493619,-3.7940033,0.7213821238761063,2015-09-30 17:00:00
F0915_11_SS_T1,-31.728509533333334,-3.8124621999999997,0.3654150765900891,2015-09-30 18:00:00
F0915_11_SS_T1,-32.18819947708333,-3.8035709375,0.2373790670181506,2015-09-30 19:00:00
F0915_12_SS_T1,-32.33472066666666,-3.752573625,0.858499776219963,2015-09-29 13:00:00
F0915_12_SS_T1,-32.166390825,-3.6777223875,0.9676444502527728,2015-09-29 14:00:00
F0915_12_SS_T1,-32.1028466,-3.655970066666667,0.9506721758359188,2015-09-29 15:00:00
F0915_12_SS_T1,-32.20866050000001,-3.717707666666666,0.9250582286926452,2015-09-29 16:00:00
F0915_12_SS_T1,-32.34137326875,-3.80147365,0.2754288605626273,2015-09-29 17:00:00
F0915_12_SS_T2,-32.345271999999994,-3.8037085625,0.2672682867428095,2015-09-30 08:00:00
F0915_12_SS_T2,-32.2316092,-3.766704028571428,0.2185947051827289,2015-09-30 09:00:00
F0915_12_SS_T2,-32.054531,-3.7125489017857145,0.42790307720429377,2015-09-30 10:00:00
F0915_12_SS_T2,-31.861081999999996,-3.679339033333334,0.9311843154749296,2015-09-30 11:00:00
F0915_12_SS_T2,-31.859526000000002,-3.67445996875,0.8995334548005516,2015-09-30 12:00:00
F0915_12_SS_T2,-31.869470500000002,-3.669777028571429,0.9009722012572936,2015-09-30 13:00:00
F0915_12_SS_T2,-31.940386249999996,-3.647303875,0.885416105457457,2015-09-30 14:00:00
F0915_12_SS_T2,-31.963328895238092,-3.6005572857142853,0.979452246764635,2015-09-30 15:00:00
F0915_12_SS_T2,-31.970219339285716,-3.6341997,0.9755676262384856,2015-09-30 16:00:00
F0915_12_SS_T2,-32.01776376666666,-3.6667483,0.8893483344922762,2015-09-30 17:00:00
F0915_12_SS_T2,-32.28801633333333,-3.7705720666666656,0.20239061299631844,2015-09-30 18:00:00
F0915_13_SS_T1,-32.308114533333324,-3.7473827666666666,0.17054830747903324,2015-09-30 04:00:00
F0915_13_SS_T1,-32.12422192857143,-3.5706214642857144,0.3249664981421625,2015-09-30 05:00:00
F0915_13_SS_T1,-31.939500066666668,-3.3832956,0.487527316760608,2015-09-30 06:00:00
F0915_13_SS_T1,-31.781281742857146,-3.2937252999999997,0.9638651849187512,2015-09-30 07:00:00
F0915_13_SS_T1,-31.733137,-3.2739623333333334,0.9252233826540136,2015-09-30 08:00:00
F0915_13_SS_T1,-31.722085999999997,-3.256263,0.40076504043878175,2015-09-30 09:00:00
F0915_13_SS_T1,-31.686732,-3.237666,0.7014351675349956,2015-09-30 10:00:00
F0915_13_SS_T1,-31.642594554545454,-3.2458538714285714,0.9740038393183044,2015-09-30 11:00:00
F0915_13_SS_T1,-31.620758000000002,-3.245668033333333,0.9706462253175954,2015-09-30 12:00:00
F0915_13_SS_T1,-31.592412,-3.2483725,0.9735067815960752,2015-09-30 13:00:00
F0915_13_SS_T1,-31.614786323809525,-3.2663585,0.9640178765577064,2015-09-30 14:00:00
F0915_13_SS_T1,-31.714913366666668,-3.4003064523809527,0.8507983891816183,2015-09-30 15:00:00
F0915_13_SS_T1,-31.726261017857144,-3.436108392857143,0.9468095215667374,2015-09-30 16:00:00
F0915_13_SS_T1,-31.81992798076923,-3.5327870357142857,0.9336124376044768,2015-09-30 17:00:00
F0915_13_SS_T1,-32.137196571428575,-3.6417122142857146,0.1421649457335663,2015-09-30 18:00:00
F0915_13_SS_T1,-32.375904600000005,-3.7672722,0.2415520422659694,2015-09-30 19:00:00
F0915_14_SS_T1,-32.3581325,-3.79014925,0.2773643853991932,2015-10-01 04:00:00
F0915_14_SS_T1,-32.234345617857144,-3.686128857142857,0.2981005100707589,2015-10-01 05:00:00
F0915_14_SS_T1,-32.07863391136364,-3.5972399250000002,0.9508671804356283,2015-10-01 06:00:00
F0915_14_SS_T1,-32.02656151428572,-3.480585,0.6786484208732648,2015-10-01 07:00:00
F0915_14_SS_T1,-32.05283,-3.454011482142857,0.5634864067628669,2015-10-01 08:00:00
F0915_14_SS_T1,-31.975341874999998,-3.377115090909091,0.9560602585200478,2015-10-01 09:00:00
F0915_14_SS_T1,-31.955234599999997,-3.412607987012987,0.9619360464048308,2015-10-01 10:00:00
F0915_14_SS_T1,-31.919307250000003,-3.449231523809524,0.9689663879957984,2015-10-01 11:00:00
F0915_14_SS_T1,-31.90450475,-3.495622375,0.9329744859483726,2015-10-01 12:00:00
F0915_14_SS_T1,-31.95726630952381,-3.5358365000000003,0.9139419650907621,2015-10-01 13:00:00
F0915_14_SS_T1,-31.944968159090905,-3.5530712207792208,0.9418627454919222,2015-10-01 14:00:00
F0915_14_SS_T1,-31.907218800000003,-3.5729538095238094,0.9707254537748314,2015-10-01 15:00:00
F0915_14_SS_T1,-31.97765553030303,-3.644836,0.9278157959540472,2015-10-01 16:00:00
F0915_14_SS_T1,-32.04925986666666,-3.666685133333333,0.5411651304155329,2015-10-01 17:00:00
F0915_14_SS_T1,-32.3267773,-3.76612895,0.35675079096182555,2015-10-01 18:00:00
F0915_15_SS_T1,-32.37827227272727,-3.814201117965368,0.3941508323916594,2015-09-30 09:00:00
F0915_22_SS_T1,-32.335930619047616,-3.743124523809524,0.3383384185568616,2015-10-02 05:00:00
F0915_22_SS_T1,-32.257536571428574,-3.5425517532467534,0.9343317750172108,2015-10-02 06:00:00
F0915_22_SS_T1,-32.26169846103896,-3.4787690000000002,0.9474114941891676,2015-10-02 07:00:00
F0915_22_SS_T1,-32.26186722727273,-3.449562170995671,0.9208265718438199,2015-10-02 08:00:00
F0915_22_SS_T1,-32.2600183,-3.422953305194805,0.6368300085006721,2015-10-02 09:00:00
F0915_22_SS_T1,-32.25701264285715,-3.40157587012987,0.8839330678843219,2015-10-02 10:00:00
F0915_22_SS_T1,-32.262982275,-3.386465081818182,0.96926632306741,2015-10-02 11:00:00
F0915_22_SS_T1,-32.411525324675324,-3.5329455335497837,0.471746938293254,2015-10-02 12:00:00
F0915_22_SS_T1,-32.53821863636364,-3.722661619047619,0.2612917413331932,2015-10-02 13:00:00
F0915_22_SS_T1,-32.47957985714286,-3.7150919409090912,0.382169975384754,2015-10-02 14:00:00
F0915_22_SS_T1,-32.44371928571428,-3.745901935064935,0.4290657120829351,2015-10-02 15:00:00
F0915_23_SS_T1,-32.370682,-3.795414,0.29056708373789164,2015-10-03 05:00:00
F0915_23_SS_T1,-32.28299720454545,-3.793948385714286,0.38555031726045785,2015-10-03 06:00:00
F0915_23_SS_T1,-32.20336988636364,-3.800853,0.8478915902292735,2015-10-03 07:00:00
F0915_23_SS_T1,-32.14460065,-3.7444582857142854,0.7215860315012081,2015-10-03 08:00:00
F0915_23_SS_T1,-32.10998719047619,-3.6796278203463206,0.905607197982098,2015-10-03 09:00:00
F0915_23_SS_T1,-32.14834190476191,-3.667904084415584,0.9642482333810172,2015-10-03 10:00:00
F0915_23_SS_T1,-32.203033377272725,-3.645814703463204,0.6049453296497728,2015-10-03 11:00:00
F0915_23_SS_T1,-32.23069881277056,-3.718383,0.5800992864162977,2015-10-03 12:00:00
F0915_23_SS_T1,-32.2259964,-3.731999261904762,0.8640336182322508,2015-10-03 13:00:00
F0915_23_SS_T1,-32.20812690909091,-3.7183587727272727,0.5788156837975106,2015-10-03 14:00:00
F0915_23_SS_T1,-32.263364,-3.7562900000000004,0.9284670786811856,2015-10-03 15:00:00
F0915_24_SS_T2,-32.385130119047616,-3.8142405476190477,0.17904942206267654,2015-10-03 05:00:00
F0915_24_SS_T2,-32.29168288095238,-3.7582374761904767,0.17977992914405685,2015-10-03 06:00:00
F0915_24_SS_T2,-32.104257946969696,-3.710777034090909,0.9782558308145864,2015-10-03 07:00:00
F0915_24_SS_T2,-32.07191304761905,-3.7210330000000003,0.9447247559097859,2015-10-03 08:00:00
F0915_24_SS_T2,-32.06837988528139,-3.7465108999999996,0.7315595261342649,2015-10-03 09:00:00
F0915_24_SS_T2,-32.06855857142857,-3.760667745238096,0.6860275106572332,2015-10-03 10:00:00
F0915_24_SS_T2,-31.9626825,-3.733073261904761,0.9137072057519192,2015-10-03 11:00:00
F0915_24_SS_T2,-31.849990891666664,-3.731583619047619,0.9712611208643712,2015-10-03 12:00:00
F0915_24_SS_T2,-31.883823184782607,-3.7497020476190475,0.9501911830684956,2015-10-03 13:00:00
F0915_24_SS_T2,-31.931780833333335,-3.753571,0.9594218070606448,2015-10-03 14:00:00
F0915_24_SS_T2,-32.00944777272727,-3.7470209,0.8133337829691133,2015-10-03 15:00:00
F0915_24_SS_T2,-32.085171,-3.744453404761905,0.8307521226208715,2015-10-03 16:00:00
F0915_24_SS_T2,-32.24693507142857,-3.783937857142857,0.2826152721916057,2015-10-03 17:00:00
F0915_30_SS_T1,-32.29431445,-3.79161425,0.18037482308284514,2015-10-04 03:00:00
F0915_30_SS_T1,-32.05846100119047,-3.708227261904762,0.11772132647973793,2015-10-04 04:00:00
F0915_30_SS_T1,-31.824765749999997,-3.5910351,0.33530849769606874,2015-10-04 05:00:00
F0915_30_SS_T1,-31.597337142857143,-3.4882612619047624,0.5537951973378971,2015-10-04 06:00:00
F0915_30_SS_T1,-31.43581985,-3.434703551948052,0.9090077211383888,2015-10-04 07:00:00
F0915_30_SS_T1,-31.273273407894738,-3.2895202807017543,0.9733095160132812,2015-10-04 08:00:00
F0915_30_SS_T1,-31.239851799999997,-3.2692285368421055,0.9688886211255628,2015-10-04 09:00:00
F0915_30_SS_T1,-31.20584266666667,-3.259625,0.6054830991694626,2015-10-04 10:00:00
F0915_30_SS_T1,-31.171095,-3.2547740000000003,0.9801134349122488,2015-10-04 11:00:00
F0915_30_SS_T1,-31.131621999999997,-3.2628373863636364,0.9634360949515844,2015-10-04 12:00:00
F0915_30_SS_T1,-31.123332023809525,-3.320996976190476,0.6034758875315742,2015-10-04 13:00:00
F0915_30_SS_T1,-31.246360681818185,-3.4292775,0.8885001382847459,2015-10-04 14:00:00
F0915_30_SS_T1,-31.308196575,-3.458138,0.9200800065985596,2015-10-04 15:00:00
F0915_30_SS_T1,-31.50352410394737,-3.5164019499999997,0.8654415135403812,2015-10-04 16:00:00
F0915_30_SS_T1,-31.667287714285713,-3.5823075714285713,0.8458537498738737,2015-10-04 17:00:00
F0915_30_SS_T1,-32.09615418690477,-3.744993309523809,0.12296885496919133,2015-10-04 18:00:00
F0915_30_SS_T1,-32.36420790909091,-3.813860318181818,0.23313051857735445,2015-10-04 19:00:00
F0915_31_SS_T1,-32.3256991,-3.77185465,0.16575956363877367,2015-10-04 03:00:00
F0915_31_SS_T1,-32.15837418181818,-3.6212687954545455,0.16453247698538606,2015-10-04 04:00:00
F0915_31_SS_T1,-31.95499576190476,-3.475424214285715,0.4262848019706673,2015-10-04 05:00:00
F0915_31_SS_T1,-31.767198090476192,-3.405753985714286,0.8031395142777241,2015-10-04 06:00:00
F0915_31_SS_T1,-31.725748000000003,-3.280252625,0.9143562859704504,2015-10-04 07:00:00
F0915_31_SS_T1,-31.70778092857143,-3.192658357142857,0.7380306847048934,2015-10-04 08:00:00
F0915_31_SS_T1,-31.57493307,-3.1552578571428573,0.9779438976202336,2015-10-04 09:00:00
F0915_31_SS_T1,-31.52608495789474,-3.174965052631579,0.6512733045572551,2015-10-04 10:00:00
F0915_31_SS_T1,-31.476160444805195,-3.1983317142857146,0.9706835187736642,2015-10-04 11:00:00
F0915_31_SS_T1,-31.434663125,-3.217406875,0.9513229962833932,2015-10-04 12:00:00
F0915_31_SS_T1,-31.391589809523804,-3.239807452380952,0.9220416258795334,2015-10-04 13:00:00
F0915_31_SS_T1,-31.36542504761905,-3.250166331168831,0.960275213421287,2015-10-04 14:00:00
F0915_31_SS_T1,-31.536277050000002,-3.2639444964285715,0.9584974665991248,2015-10-04 15:00:00
F0915_31_SS_T1,-31.502801235714287,-3.2943376,0.9496120652202544,2015-10-04 16:00:00
F0915_31_SS_T1,-31.4933684,-3.3234169122807016,0.6557231204879089,2015-10-04 17:00:00
F0915_31_SS_T1,-31.835323426315785,-3.536642089473684,0.2526406951489889,2015-10-04 18:00:00
F0915_31_SS_T1,-32.188104714285714,-3.740686333333333,0.25312251599741226,2015-10-04 19:00:00
F0915_31_SS_T1,-32.38733125,-3.8146956249999997,0.18422717372164304,2015-10-04 20:00:00
F0915_3_SS_T1,-32.351139,-3.7965517999999996,0.9331904104910592,2015-09-25 15:00:00
F0915_3_SS_T1,-32.34432833333334,-3.7987371666666667,0.7229929022599474,2015-09-25 16:00:00
F0915_3_SS_T1,-32.3404960125,-3.8090998333333337,0.93309137734117,2015-09-25 17:00:00
F0915_3_SS_T2,-32.388287,-3.8155665,0.20591938771351428,2015-09-26 05:00:00
F0915_3_SS_T2,-32.332216347619045,-3.7565585380952378,0.29069550049476794,2015-09-26 06:00:00
F0915_3_SS_T2,-32.291065,-3.732758928571428,0.27603190562406416,2015-09-26 07:00:00
F0915_3_SS_T2,-32.23134026190476,-3.7167538333333336,0.8779727160127971,2015-09-26 08:00:00
F0915_3_SS_T2,-32.177683342857144,-3.6967760000000003,0.8822016531687208,2015-09-26 09:00:00
F0915_3_SS_T2,-32.126212941666665,-3.7119071666666663,0.9434799853325108,2015-09-26 10:00:00
F0915_3_SS_T2,-32.10136883333334,-3.6500980000000003,0.6493130523924929,2015-09-26 11:00:00
F0915_3_SS_T2,-32.1086083,-3.6481586666666663,0.9276697076875864,2015-09-26 12:00:00
F0915_3_SS_T2,-32.117573,-3.6443771666666667,0.9518142049560784,2015-09-26 13:00:00
F0915_3_SS_T2,-32.126106,-3.640647366666667,0.9028085113631088,2015-09-26 14:00:00
F0915_3_SS_T2,-32.12493594583333,-3.636478,0.8112590129418321,2015-09-26 15:00:00
F0915_3_SS_T2,-32.1084342625,-3.6846332833333335,0.5925765394199749,2015-09-26 16:00:00
F0915_3_SS_T2,-32.094768919047624,-3.6853504285714282,0.4390776482000356,2015-09-26 17:00:00
F0915_3_SS_T2,-32.308836642857145,-3.7831674285714287,0.14906338696939614,2015-09-26 18:00:00
F0915_3_SS_T3,-32.3474221875,-3.750065864583333,0.23701861467489202,2015-09-27 09:00:00
F0915_3_SS_T3,-32.26031570833334,-3.5739531,0.4869877596164833,2015-09-27 10:00:00
F0915_3_SS_T3,-32.20610375,-3.4772071,0.7576718983743551,2015-09-27 11:00:00
F0915_3_SS_T3,-32.139866999999995,-3.417118,0.7280633498138908,2015-09-27 12:00:00
F0915_3_SS_T3,-32.06486166666666,-3.371944666666667,0.8630888979121191,2015-09-27 13:00:00
F0915_3_SS_T3,-32.04231675446429,-3.307764767857143,0.9206984009396147,2015-09-27 14:00:00
F0915_3_SS_T3,-32.10074913333334,-3.3468862404761905,0.5936178612742401,2015-09-27 15:00:00
F0915_3_SS_T3,-32.093577124999996,-3.3330371625,0.9595789116045934,2015-09-27 16:00:00
F0915_3_SS_T3,-32.2354008,-3.5138894999999994,0.3922808429714211,2015-09-27 17:00:00
F0915_3_SS_T3,-32.37313475,-3.7280305,0.1518569111648883,2015-09-27 18:00:00
F0916_10_SS_T1,-32.35045353333334,-3.8039050000000003,0.062028007590372435,2016-09-18 07:00:00
F0916_10_SS_T1,-32.180739333333335,-3.822402,0.9076932884815596,2016-09-18 08:00:00
F0916_10_SS_T1,-32.10061809375,-3.8902314791666663,0.4332477950010285,2016-09-18 09:00:00
F0916_10_SS_T1,-31.900031216911763,-3.98274571875,0.768431961760073,2016-09-18 10:00:00
F0916_10_SS_T1,-31.833360857142857,-4.1989546176470585,0.7357155511846747,2016-09-18 11:00:00
F0916_10_SS_T1,-31.80812362352942,-4.37378253125,0.9683093649614511,2016-09-18 12:00:00
F0916_10_SS_T1,-31.7931963,-4.378039342857143,0.6785856279739967,2016-09-18 13:00:00
F0916_10_SS_T1,-31.802640399999998,-4.368565875000001,0.9582339905533956,2016-09-18 14:00:00
F0916_10_SS_T1,-31.794508333333333,-4.3244422,0.9601659783404164,2016-09-18 15:00:00
F0916_10_SS_T1,-31.763162718750003,-4.319603375,0.9730206062816522,2016-09-18 16:00:00
F0916_10_SS_T1,-31.741758599999997,-4.322703199999999,0.9741660371145076,2016-09-18 17:00:00
F0916_10_SS_T1,-31.84604721190476,-4.314899164285714,0.5736722613896043,2016-09-18 18:00:00
F0916_10_SS_T1,-31.9747274,-4.226652,0.426467898979628,2016-09-18 19:00:00
F0916_10_SS_T1,-32.01882739285714,-4.200476742857143,0.5544880813353457,2016-09-18 20:00:00
F0916_10_SS_T1,-32.30230725,-3.9774074999999995,0.24302676394429176,2016-09-18 21:00:00
F0916_12_SS_T1,-32.27489559375,-3.7984405,0.2529571859338409,2016-09-19 05:00:00
F0916_12_SS_T1,-32.017670499999994,-3.7583246666666668,0.33002837609879365,2016-09-19 06:00:00
F0916_12_SS_T1,-31.85893465625,-3.806757058035714,0.9016846814048436,2016-09-19 07:00:00
F0916_12_SS_T1,-31.64834305714286,-3.7921492875,0.6319703522581592,2016-09-19 08:00:00
F0916_12_SS_T1,-31.537109571428573,-3.7376110000000002,0.6341231910426023,2016-09-19 09:00:00
F0916_12_SS_T1,-31.539067843750004,-3.7345141,0.4008773170088043,2016-09-19 10:00:00
F0916_12_SS_T1,-31.5864846875,-3.7617764285714284,0.5495196381241412,2016-09-19 11:00:00
F0916_12_SS_T1,-31.597351,-3.759536,0.9621432151343472,2016-09-19 12:00:00
F0916_12_SS_T1,-31.632665033333335,-3.773290699999999,0.6813431187823492,2016-09-19 13:00:00
F0916_12_SS_T1,-32.03231398958333,-3.874332166666667,0.7836398186286216,2016-09-19 14:00:00
F0916_12_SS_T1,-32.18191733333333,-3.8670032571428568,0.8439383069299846,2016-09-19 15:00:00
F0916_12_SS_T1,-32.24237951339286,-3.8670592857142863,0.6573782056046837,2016-09-19 16:00:00
F0916_13_SS_T1,-32.376816,-3.8020980000000004,0.3219123069194537,2016-09-22 05:00:00
F0916_13_SS_T1,-32.30254696428571,-3.6269991357142857,0.20646673900592052,2016-09-22 06:00:00
F0916_13_SS_T1,-32.213181218749995,-3.2899027666666667,0.8710960202085669,2016-09-22 07:00:00
F0916_13_SS_T1,-32.18847362857143,-3.1029188809523807,0.6790576363086892,2016-09-22 08:00:00
F0916_13_SS_T1,-32.068073375,-2.7981873124999996,0.5638324204589485,2016-09-22 09:00:00
F0916_13_SS_T1,-32.012257500000004,-2.5864478416666667,0.9353753686521864,2016-09-22 10:00:00
F0916_13_SS_T1,-31.922469511764703,-2.46471995625,0.8880511986031291,2016-09-22 11:00:00
F0916_13_SS_T1,-31.84162382156863,-2.321259741176471,0.9718495453452852,2016-09-22 12:00:00
F0916_13_SS_T1,-31.78638983333333,-2.2341805,0.08460254726946523,2016-09-22 13:00:00
F0916_13_SS_T1,-31.789849354761905,-2.27123,0.5363423896895998,2016-09-22 14:00:00
F0916_13_SS_T1,-31.74674171875,-2.3087085,0.895355354121668,2016-09-22 15:00:00
F0916_13_SS_T1,-31.816926214285722,-2.4735441473214284,0.21205091172934634,2016-09-22 16:00:00
F0916_13_SS_T1,-32.0022723,-2.7933028999999996,0.2309180318016985,2016-09-22 17:00:00
F0916_13_SS_T1,-32.18119233333333,-3.1436898333333336,0.5573394877437844,2016-09-22 18:00:00
F0916_13_SS_T1,-32.31845852916667,-3.4321322270833337,0.16060432815879075,2016-09-22 19:00:00
F0916_13_SS_T1,-32.3998965,-3.7197975,0.3912217746894249,2016-09-22 20:00:00
F0916_14_SS_T1,-32.3656684375,-3.814246,0.11096221280240284,2016-09-21 05:00:00
F0916_14_SS_T1,-32.253176656250005,-3.7791499,0.9037018973861388,2016-09-21 06:00:00
F0916_14_SS_T1,-32.15620476785715,-3.7684673619047615,0.8859354808756948,2016-09-21 07:00:00
F0916_14_SS_T1,-32.00188666428572,-3.77192335,0.974134786904722,2016-09-21 08:00:00
F0916_14_SS_T1,-31.844387,-3.8614284999999997,0.9825683459854369,2016-09-21 09:00:00
F0916_14_SS_T1,-31.75046,-3.9524139333333332,0.9482405690054692,2016-09-21 10:00:00
F0916_14_SS_T1,-31.731758437499998,-4.051810875,0.9333916029695796,2016-09-21 11:00:00
F0916_14_SS_T1,-31.6545094375,-4.144426999999999,0.9614755080907172,2016-09-21 12:00:00
F0916_14_SS_T1,-31.632828000000003,-4.1329986875,0.9732395848562196,2016-09-21 13:00:00
F0916_14_SS_T1,-31.6515715,-4.139697499999999,0.9710629993298764,2016-09-21 14:00:00
F0916_14_SS_T1,-31.68058376666667,-4.1603257,0.9815475456375043,2016-09-21 15:00:00
F0916_14_SS_T1,-31.66422175,-4.234287305555556,0.7924926740670667,2016-09-21 16:00:00
F0916_14_SS_T1,-31.708170658333334,-4.255531647619048,0.6852926759763603,2016-09-21 17:00:00
F0916_14_SS_T1,-32.097134,-4.026615214285714,0.2045096132810094,2016-09-21 18:00:00
F0916_14_SS_T1,-32.362320000000004,-3.855182,0.6444909418133118,2016-09-21 19:00:00
F0916_15_SS_T1,-32.361562199999995,-3.7079362000000002,0.5695289981275845,2016-09-21 06:00:00
F0916_15_SS_T1,-32.32135075714285,-3.419298033333333,0.6243442079979916,2016-09-21 07:00:00
F0916_15_SS_T1,-32.339718,-3.0670666000000004,0.6816502998086379,2016-09-21 08:00:00
F0916_15_SS_T1,-32.338436,-2.975603107142857,0.9275808930027928,2016-09-21 09:00:00
F0916_15_SS_T1,-32.36834842142857,-2.7222416000000003,0.8474845141122634,2016-09-21 10:00:00
F0916_15_SS_T1,-32.3459125,-2.690082,0.35462735920525945,2016-09-21 11:00:00
F0916_15_SS_T1,-32.316319,-2.672666857142857,0.9104356047249,2016-09-21 12:00:00
F0916_15_SS_T1,-32.289635,-2.6529599999999998,0.8517914500115012,2016-09-21 13:00:00
F0916_15_SS_T1,-32.250443,-2.6568924375,0.9379398125171874,2016-09-21 14:00:00
F0916_15_SS_T1,-32.29850234166666,-2.8113437520833333,0.4551471665516295,2016-09-21 15:00:00
F0916_15_SS_T1,-32.39527247142857,-3.128819157142857,0.4109184098380968,2016-09-21 16:00:00
F0916_15_SS_T1,-32.46749403571428,-3.4621593214285724,0.16396366705530652,2016-09-21 17:00:00
F0916_15_SS_T1,-32.4464303,-3.7259008,0.18003942878853152,2016-09-21 18:00:00
F0916_1_SS_T1,-32.355453000000004,-3.772588,0.17447308664176595,2016-09-16 06:00:00
F0916_1_SS_T1,-32.24234971428571,-3.642138,0.7932520802943885,2016-09-16 07:00:00
F0916_1_SS_T1,-32.1048785,-3.4741348214285717,0.85907577716674,2016-09-16 08:00:00
F0916_1_SS_T1,-32.055275,-3.407278,0.6786669517312238,2016-09-16 09:00:00
F0916_1_SS_T1,-31.958373533333337,-3.322246214583333,0.957304737947402,2016-09-16 10:00:00
F0916_1_SS_T1,-31.87710845,-3.4036116964285714,0.9497076529036766,2016-09-16 11:00:00
F0916_1_SS_T1,-31.835850625000006,-3.4693961,0.9796275509660138,2016-09-16 12:00:00
F0916_1_SS_T1,-31.90681833482143,-3.6376472321428572,0.94202836457877,2016-09-16 13:00:00
F0916_1_SS_T1,-31.890407857142858,-3.677267625,0.6253710330918815,2016-09-16 14:00:00
F0916_1_SS_T1,-31.9041722,-3.766719,0.8519189818148447,2016-09-16 15:00:00
F0916_1_SS_T1,-31.878091166666664,-3.782122,0.9257957038723784,2016-09-16 16:00:00
F0916_1_SS_T1,-31.866010958333334,-3.8139132053571423,0.9507778736923592,2016-09-16 17:00:00
F0916_1_SS_T1,-31.968270099999998,-3.8613581,0.6967432218401879,2016-09-16 18:00:00
F0916_1_SS_T1,-32.3018722,-3.8625498,0.346618740186261,2016-09-16 19:00:00
F0916_27_SS_T1,-32.342341999999995,-3.792893,0.2283024145931818,2016-09-26 04:00:00
F0916_27_SS_T1,-32.173380679644055,-3.682584750278087,0.3107698327308077,2016-09-26 05:00:00
F0916_27_SS_T1,-31.913704796551723,-3.5450929931034483,0.5557968009094298,2016-09-26 06:00:00
F0916_27_SS_T1,-31.726695516666666,-3.469557806451613,0.8907991640466045,2016-09-26 07:00:00
F0916_27_SS_T1,-31.5681189,-3.4504901904761907,0.9759074391174674,2016-09-26 08:00:00
F0916_27_SS_T1,-31.560481,-3.4625480000000004,0.9437915202919483,2016-09-26 09:00:00
F0916_27_SS_T1,-31.567711,-3.465413610344828,0.913126851572014,2016-09-26 10:00:00
F0916_27_SS_T1,-31.558189000000002,-3.4706033275862067,0.7069387479474918,2016-09-26 11:00:00
F0916_27_SS_T1,-31.545406048387093,-3.474902180645162,0.8018572358558227,2016-09-26 12:00:00
F0916_27_SS_T1,-31.4459480483871,-3.4258599999999997,0.9520461998241032,2016-09-26 13:00:00
F0916_27_SS_T1,-31.438341096774195,-3.437466,0.5383806768336681,2016-09-26 14:00:00
F0916_27_SS_T1,-31.417368692528733,-3.43694765,0.9676537636183382,2016-09-26 15:00:00
F0916_27_SS_T1,-31.40885596343402,-3.448692896551724,0.9410960536535136,2016-09-26 16:00:00
F0916_27_SS_T1,-31.778899850000002,-3.6202103833333332,0.2683204507973162,2016-09-26 17:00:00
F0916_27_SS_T1,-32.17698766666667,-3.779579333333333,0.19332340945131246,2016-09-26 18:00:00
F0916_28_SS_T1,-32.384073,-3.8140785,0.20137136651791016,2016-09-26 06:00:00
F0916_28_SS_T1,-32.46952061428571,-3.6882270999999998,0.8089480289121582,2016-09-26 07:00:00
F0916_28_SS_T1,-32.5864361,-3.6526560489432702,0.5499179214208239,2016-09-26 08:00:00
F0916_28_SS_T1,-32.588920933333334,-3.6755625666666663,0.9018828603883912,2016-09-26 09:00:00
F0916_28_SS_T1,-32.57568546384872,-3.7026510000000004,0.9415852533926092,2016-09-26 10:00:00
F0916_28_SS_T1,-32.58336744301076,-3.6793156639784943,0.6633777126830736,2016-09-26 11:00:00
F0916_28_SS_T1,-32.732092449999996,-3.678750396673387,0.6192363588688025,2016-09-26 12:00:00
F0916_28_SS_T1,-32.77405532358871,-3.5915623500000002,0.7555417409766737,2016-09-26 13:00:00
F0916_28_SS_T1,-32.75142153729839,-3.468970300403226,0.7232203930721346,2016-09-26 14:00:00
F0916_28_SS_T1,-32.76613211774193,-3.4414494137931033,0.5077686967836486,2016-09-26 15:00:00
F0916_28_SS_T1,-32.75363419354838,-3.470821370967742,0.970525830501116,2016-09-26 16:00:00
F0916_28_SS_T1,-32.61652505,-3.6567673000000003,0.2752796262560575,2016-09-26 17:00:00
F0916_28_SS_T1,-32.449055,-3.7841843999999996,0.4618040397185099,2016-09-26 18:00:00
F0916_29_SS_T1,-32.383038,-3.7879553125,0.6582807774658344,2016-09-27 05:00:00
F0916_29_SS_T1,-32.392914133333335,-3.7775136071428568,0.6479419154012664,2016-09-27 06:00:00
F0916_29_SS_T1,-32.397186,-3.7740989999999996,0.908461910707146,2016-09-27 07:00:00
F0916_29_SS_T1,-32.398140000000005,-3.7802948833333336,0.5512864577013239,2016-09-27 08:00:00
F0916_29_SS_T1,-32.338632857142855,-3.778132464285714,0.9647517754746108,2016-09-27 09:00:00
F0916_29_SS_T1,-32.34162438095238,-3.7729206250000002,0.7419795660041123,2016-09-27 10:00:00
F0916_29_SS_T1,-32.39528959166667,-3.7592859208333333,0.6490518106718962,2016-09-27 11:00:00
F0916_29_SS_T1,-32.483459,-3.746368285714286,0.8625071552532969,2016-09-27 12:00:00
F0916_29_SS_T1,-32.53066375833333,-3.718312807142857,0.33952264332374743,2016-09-27 13:00:00
F0916_29_SS_T1,-32.455885800000004,-3.7001898833333327,0.9040416543925414,2016-09-27 14:00:00
F0916_29_SS_T1,-32.38271073333334,-3.685029270833333,0.8911569803891193,2016-09-27 15:00:00
F0916_29_SS_T1,-32.3649985,-3.652988533333333,0.5576689104250803,2016-09-27 16:00:00
F0916_29_SS_T1,-32.42686114285714,-3.7677910000000003,0.5873994049599809,2016-09-27 17:00:00
F0916_2_SS_T1,-32.3152590625,-3.76323625,0.17518315549861324,2016-09-16 04:00:00
F0916_2_SS_T1,-32.1566655,-3.6340589999999997,0.2661695454793928,2016-09-16 05:00:00
F0916_2_SS_T1,-32.005797066666666,-3.508926973214286,0.6487679987599538,2016-09-16 06:00:00
F0916_2_SS_T1,-31.970951614285717,-3.35546920625,0.6598887927557703,2016-09-16 07:00:00
F0916_2_SS_T1,-31.8501537,-3.0681439999999998,0.9617396225935482,2016-09-16 08:00:00
F0916_2_SS_T1,-31.847206479166665,-3.0341555,0.9480246542343744,2016-09-16 09:00:00
F0916_2_SS_T1,-31.858490000000003,-3.032766971428572,0.9459462897586964,2016-09-16 10:00:00
F0916_2_SS_T1,-31.828096833333333,-3.0370803125,0.5815666801038536,2016-09-16 11:00:00
F0916_2_SS_T1,-31.799513,-3.058590933333333,0.7943655093939388,2016-09-16 12:00:00
F0916_2_SS_T1,-31.776380250000003,-3.07775,0.4888119921291388,2016-09-16 13:00:00
F0916_2_SS_T1,-31.75624482142857,-3.102273466666667,0.8192613663625032,2016-09-16 14:00:00
F0916_2_SS_T1,-31.7674005,-3.099336,0.7711630244148696,2016-09-16 15:00:00
F0916_2_SS_T1,-31.8432172125,-3.136785075,0.5041758410138814,2016-09-16 16:00:00
F0916_2_SS_T1,-32.0151615,-3.4365240000000004,0.2683574044419917,2016-09-16 17:00:00
F0916_2_SS_T1,-32.263245399999995,-3.703034866666667,0.20522911367946245,2016-09-16 18:00:00
F0916_3_SS_T1,-32.3637185625,-3.791261875,0.20728285233186705,2016-09-17 05:00:00
F0916_3_SS_T1,-32.22433766666667,-3.683307833333333,0.3216740163870287,2016-09-17 06:00:00
F0916_3_SS_T1,-32.122012014285716,-3.6524332571428566,0.6684699026374045,2016-09-17 07:00:00
F0916_3_SS_T1,-31.880851500000002,-3.451063392857143,0.5688124438456109,2016-09-17 08:00:00
F0916_3_SS_T1,-31.781876741666665,-3.3697519553571427,0.9545284331970976,2016-09-17 09:00:00
F0916_3_SS_T1,-31.80194359375,-3.3651165874999998,0.9707404342460484,2016-09-17 10:00:00
F0916_3_SS_T1,-31.764488,-3.3402652946428573,0.9669600474704234,2016-09-17 11:00:00
F0916_3_SS_T1,-31.739606791666667,-3.3332172,0.5704606994768222,2016-09-17 12:00:00
F0916_3_SS_T1,-31.650219916666664,-3.3095815,0.9624776135556724,2016-09-17 13:00:00
F0916_3_SS_T1,-31.659569,-3.307231333333333,0.917498369102598,2016-09-17 14:00:00
F0916_3_SS_T1,-31.690192583333335,-3.3441075000000007,0.9399302835147432,2016-09-17 15:00:00
F0916_3_SS_T1,-31.735613366666662,-3.388153,0.9561497616898104,2016-09-17 16:00:00
F0916_3_SS_T1,-31.7833635,-3.370845666666667,0.6337561003794209,2016-09-17 17:00:00
F0916_3_SS_T1,-32.097134775,-3.5591195,0.21412207782584025,2016-09-17 18:00:00
F0916_3_SS_T1,-32.34027151785715,-3.7341323749999997,0.16820036928038465,2016-09-17 19:00:00
F0916_4_SS_T1,-32.35059746666667,-3.7914677999999995,0.22212439832603054,2016-09-16 04:00:00
F0916_4_SS_T1,-32.212719,-3.688111,0.2106228140859884,2016-09-16 05:00:00
F0916_4_SS_T1,-32.01904426458333,-3.569495285714286,0.9188905733164894,2016-09-16 06:00:00
F0916_4_SS_T1,-31.983976138095237,-3.6192448666666666,0.9435306868797844,2016-09-16 07:00:00
F0916_4_SS_T1,-32.040546,-3.6686660208333333,0.8745856308494959,2016-09-16 08:00:00
F0916_4_SS_T1,-32.218605,-3.78047975,0.8747779117248846,2016-09-16 09:00:00
F0916_4_SS_T1,-32.3027515,-3.7891957375,0.8238696669457436,2016-09-16 10:00:00
F0916_4_SS_T2,-32.33003446666667,-3.734468666666667,0.2420238817390973,2016-09-17 06:00:00
F0916_4_SS_T2,-32.1842239,-3.6007731125,0.7817419656566451,2016-09-17 07:00:00
F0916_4_SS_T2,-31.980798999999998,-3.422132,0.8826306405996689,2016-09-17 08:00:00
F0916_4_SS_T2,-31.846255718750005,-3.2552413176470587,0.9678044557998124,2016-09-17 09:00:00
F0916_4_SS_T2,-31.795607,-3.264585,0.9792758337285348,2016-09-17 10:00:00
F0916_4_SS_T2,-31.762238,-3.2954957922794117,0.9766413704182048,2016-09-17 11:00:00
F0916_4_SS_T2,-31.749321000000002,-3.3229849999999996,0.5634825496075655,2016-09-17 12:00:00
F0916_4_SS_T2,-31.7325003,-3.3538620000000003,0.9409669270502646,2016-09-17 13:00:00
F0916_4_SS_T2,-31.724488666666666,-3.3899135000000005,0.9504809091791112,2016-09-17 14:00:00
F0916_4_SS_T2,-31.7506561,-3.4077978666666664,0.9081387145912072,2016-09-17 15:00:00
F0916_4_SS_T2,-31.753590900000006,-3.3818903354166667,0.9602477982740788,2016-09-17 16:00:00
F0916_4_SS_T2,-31.90650929464286,-3.44712126875,0.6512238382834671,2016-09-17 17:00:00
F0916_4_SS_T2,-32.202180166666665,-3.6361688999999995,0.15477085495791318,2016-09-17 18:00:00
F0916_4_SS_T2,-32.370809066666666,-3.785900266666667,0.1773981566484137,2016-09-17 19:00:00
F0916_6_SS_T1,-32.316399,-3.7997240625,0.16560714279004288,2016-09-16 03:00:00
F0916_6_SS_T1,-32.151630499999996,-3.78625296875,0.2997562249554566,2016-09-16 04:00:00
F0916_6_SS_T1,-31.963825633333336,-3.7968180666666664,0.18916753406667586,2016-09-16 05:00:00
F0916_6_SS_T1,-31.743582500000002,-3.8078491619047616,0.18421728985246327,2016-09-16 06:00:00
F0916_6_SS_T1,-31.522862166666666,-3.8021111666666667,0.5618781208567479,2016-09-16 07:00:00
F0916_6_SS_T1,-31.3478196,-3.7760439791666665,0.6563893668923123,2016-09-16 08:00:00
F0916_6_SS_T1,-31.285141083333336,-3.738720833333333,0.5236489800117059,2016-09-16 09:00:00
F0916_6_SS_T1,-31.139076,-3.5958538854166666,0.6812548537572123,2016-09-16 10:00:00
F0916_6_SS_T1,-31.143009399999997,-3.5148718333333333,0.9634024757811421,2016-09-16 11:00:00
F0916_6_SS_T1,-31.134804,-3.5133690000000004,0.3518973928530347,2016-09-16 12:00:00
F0916_6_SS_T1,-31.101801833333333,-3.4307792125,0.3290937886650954,2016-09-16 13:00:00
F0916_6_SS_T1,-31.0648974,-3.3779510000000004,0.3959242690834943,2016-09-16 14:00:00
F0916_6_SS_T1,-31.27162396875,-3.4618719374999998,0.2199755219097196,2016-09-16 15:00:00
F0916_6_SS_T1,-31.627856500000004,-3.6133775000000004,0.6214263079926422,2016-09-16 16:00:00
F0916_6_SS_T1,-31.8304968,-3.7159041999999998,0.5937827718118122,2016-09-16 17:00:00
F0916_6_SS_T1,-32.22380771428571,-3.794544214285714,0.2815194135935025,2016-09-16 18:00:00
F0916_7_SS_T1,-32.370712,-3.783295,0.1733821656251366,2016-09-16 03:00:00
F0916_7_SS_T1,-32.32989619999999,-3.5958669666666667,0.14572425220514176,2016-09-16 04:00:00
F0916_7_SS_T1,-32.30216093333333,-3.3039359,0.5402761678972409,2016-09-16 05:00:00
F0916_7_SS_T1,-32.275064150000006,-2.98162735,0.7719134284408653,2016-09-16 06:00:00
F0916_7_SS_T1,-32.272175,-2.9254379999999998,0.5804963889021401,2016-09-16 07:00:00
F0916_7_SS_T1,-32.27230571428572,-2.9124804062500003,0.9624920863904152,2016-09-16 08:00:00
F0916_7_SS_T1,-32.256359,-2.9311849999999997,0.8839046496524681,2016-09-16 09:00:00
F0916_7_SS_T1,-32.248131,-2.9700765000000002,0.8977157318504123,2016-09-16 10:00:00
F0916_7_SS_T1,-32.274258,-2.9769687833333336,0.2852212287043023,2016-09-16 11:00:00
F0916_7_SS_T1,-32.299431,-2.971555,0.5833250861147257,2016-09-16 12:00:00
F0916_7_SS_T1,-32.233143695652174,-2.9365895,0.9761417386761324,2016-09-16 13:00:00
F0916_7_SS_T1,-32.20980570535714,-2.979288385714286,0.8277919706483066,2016-09-16 14:00:00
F0916_7_SS_T1,-32.201184743750005,-3.0175650000000003,0.9142138754688148,2016-09-16 15:00:00
F0916_7_SS_T1,-32.22752439130435,-3.1303231160714287,0.9610626014852818,2016-09-16 16:00:00
F0916_7_SS_T1,-32.260956166666666,-3.3044520000000004,0.8982043025018608,2016-09-16 17:00:00
F0916_7_SS_T1,-32.378077941964285,-3.6234837455357143,0.14613637120792627,2016-09-16 18:00:00
F0916_7_SS_T1,-32.4066588,-3.7984337,0.1470074831506156,2016-09-16 19:00:00
F0917_10_SS_T1,-32.340849052631576,-3.7793695789473687,0.18329199575828425,2017-09-18 07:00:00
F0917_10_SS_T1,-32.176717978260875,-3.68527997826087,0.9380662606531236,2017-09-18 08:00:00
F0917_10_SS_T1,-32.06164961397059,-3.5494355462184872,0.48710324636332897,2017-09-18 09:00:00
F0917_10_SS_T1,-32.03785892105263,-3.539710552631579,0.6847018945316681,2017-09-18 10:00:00
F0917_10_SS_T1,-32.017683166666664,-3.514404,0.9699807208846548,2017-09-18 11:00:00
F0917_10_SS_T1,-31.99964102631579,-3.511,0.9009850017426522,2017-09-18 12:00:00
F0917_10_SS_T1,-32.006605017543855,-3.5726303,0.9117211175172848,2017-09-18 13:00:00
F0917_10_SS_T1,-32.00724474269006,-3.574058375,0.6807193040393341,2017-09-18 14:00:00
F0917_10_SS_T1,-32.007119657894734,-3.5976464761904765,0.9241042575302242,2017-09-18 15:00:00
F0917_10_SS_T1,-32.14546929385965,-3.5808341702127664,0.9095529479373936,2017-09-18 16:00:00
F0917_10_SS_T1,-32.18281755555556,-3.587835388888889,0.491737567633812,2017-09-18 17:00:00
F0917_10_SS_T1,-32.27584895164409,-3.6600729083655708,0.5516498662096714,2017-09-18 18:00:00
F0917_10_SS_T1,-32.395096,-3.8019902307692313,0.5682398329818831,2017-09-18 19:00:00
F0917_5_SS_T1,-32.378764700000005,-3.806596775,0.16056751770469296,2017-09-16 03:00:00
F0917_5_SS_T1,-32.26650346666666,-3.695921875,0.10393808508928107,2017-09-16 04:00:00
F0917_5_SS_T1,-32.07660804736842,-3.495789610526316,0.6690353081642131,2017-09-16 05:00:00
F0917_5_SS_T1,-31.85113950526316,-3.3375641000000003,0.17463497160335914,2017-09-16 06:00:00
F0917_5_SS_T1,-31.618136295454544,-3.1893470885167465,0.950353961518668,2017-09-16 07:00:00
F0917_5_SS_T1,-31.473199026315783,-3.1416911315789466,0.4611909465864545,2017-09-16 08:00:00
F0917_5_SS_T1,-31.305561000000004,-3.071145,0.7334464408854952,2017-09-16 09:00:00
F0917_5_SS_T1,-31.172392710526317,-3.0233843947368424,0.9130911890440416,2017-09-16 10:00:00
F0917_5_SS_T1,-31.10702402631579,-3.102677157894737,0.6083495565379219,2017-09-16 11:00:00
F0917_5_SS_T1,-31.102568947368418,-3.107591473684211,0.5057575466428214,2017-09-16 12:00:00
F0917_5_SS_T1,-30.995461136363637,-3.14244425,0.9148541558224804,2017-09-16 13:00:00
F0917_5_SS_T1,-30.90445454545455,-3.1746757631578952,0.9399193936370376,2017-09-16 14:00:00
F0917_5_SS_T1,-30.945084605263162,-3.2189879473684213,0.9351717104527644,2017-09-16 15:00:00
F0917_5_SS_T1,-31.299609868421054,-3.438960315789474,0.6651932769614852,2017-09-16 16:00:00
F0917_5_SS_T1,-31.69875824561403,-3.657500786967419,0.18267482392576234,2017-09-16 17:00:00
F0917_5_SS_T1,-32.16094722619049,-3.7669730833333332,0.3094341275694936,2017-09-16 18:00:00
F0917_5_SS_T1,-32.38254715497076,-3.8001511842105256,0.21560653284456768,2017-09-16 19:00:00
